Semantica_Clave,FormaOriginal,FormaNormalizada,Idioma,Peso,Negativo,Fuente,Nota
FLORA,Rosa,rosa,es,3,0,seed,Flor
FLORA,Violeta,violeta,xx,3,0,seed,Flor
FLORA,Jazmín,jazmin,es,3,0,seed,Variación con tilde
FLORA,Jasmine,jasmine,en,2,0,seed,Cognado inglés
ASTRONOMIA,Luna,luna,xx,3,0,seed,Satélite
ASTRONOMIA,Estrella,estrella,es,2,0,seed,General
ASTRONOMIA,Stella,stella,it,2,0,seed,Italiano/Latín
MITOLOGIA,Atenea,atenea,es,3,0,seed,Griego
MITOLOGIA,Freya,freya,xx,3,0,seed,Nórdica
VIRTUD,Caridad,caridad,es,3,0,seed,Virtud
VIRTUD,Fe,fe,es,2,0,seed,Virtud breve
COLOR,Celeste,celeste,es,2,0,seed,Color/cielo
NATURALEZA,Marina,marina,es,1,0,seed,Del mar
NATURALEZA,Alba,alba,xx,1,0,seed,Amanecer (ambiguo)
REALEZA,Regina,regina,xx,2,0,seed,Realeza
REALEZA,Reina,reina,es,2,0,seed,Título
REALEZA,Victoria,victoria,xx,3,1,seed,No clasificar como realeza por defecto
